{
  "version": 1,
  "dataset": "app_final_120_medium",
  "dataset_size": null,
  "window_profile": null,
  "algorithm": "BEST(Insertion)",
  "generated_at": "2025-11-08T16:12:28.201184+00:00",
  "parameters": {
    "day_horizon": 600,
    "service_time": 0.0,
    "cost_model": {
      "cost_per_km": 1.0,
      "vehicle_fixed_cost": 900.0,
      "penalty_horizon_per_min": 120.0,
      "time_weight": 1.0
    }
  },
  "routes": [
    [
      0,
      43,
      52,
      114,
      71,
      13,
      102,
      73,
      57,
      77,
      31,
      1,
      93,
      92,
      6,
      120,
      95,
      16,
      72,
      11,
      110,
      113,
      91,
      67,
      0
    ],
    [
      0,
      96,
      54,
      58,
      90,
      105,
      78,
      26,
      66,
      74,
      7,
      34,
      85,
      100,
      17,
      101,
      23,
      107,
      24,
      39,
      41,
      103,
      55,
      0
    ],
    [
      0,
      82,
      29,
      106,
      25,
      88,
      19,
      47,
      2,
      28,
      60,
      37,
      38,
      35,
      104,
      119,
      44,
      49,
      22,
      80,
      76,
      68,
      116,
      0
    ],
    [
      0,
      40,
      51,
      45,
      8,
      108,
      50,
      48,
      111,
      9,
      15,
      70,
      118,
      81,
      98,
      42,
      33,
      99,
      18,
      94,
      75,
      63,
      79,
      0
    ],
    [
      0,
      10,
      117,
      59,
      62,
      64,
      5,
      3,
      115,
      87,
      97,
      61,
      36,
      89,
      84,
      65,
      27,
      20,
      14,
      69,
      0
    ],
    [
      0,
      53,
      83,
      112,
      21,
      12,
      109,
      32,
      86,
      4,
      46,
      0
    ],
    [
      0,
      56,
      30,
      0
    ]
  ],
  "metrics": {
    "total_cost": 13892.869999999999,
    "vehicles_used": 7,
    "total_distance_km": 3814.1899999999996,
    "waiting_total": 367.19000000000005,
    "lateness_P_sum": 0.0,
    "horizon_excess_E": 0.0,
    "vehicle_cost": 6300.0,
    "cost_distance": 3814.1899999999996,
    "cost_penalty_late": 0.0,
    "cost_penalty_horizon": 0.0,
    "makespan_E": 585.98,
    "sum_route_time_E": 3778.6800000000003,
    "avg_route_time_E": 539.8114285714286,
    "total_service_time": 0.0,
    "cost_time": 3778.6800000000003
  }
}