{
  "version": 1,
  "dataset": "app_final_120_medium",
  "dataset_size": null,
  "window_profile": null,
  "algorithm": "Savings",
  "generated_at": "2025-11-08T16:12:28.194645+00:00",
  "parameters": {
    "day_horizon": 600,
    "service_time": 0.0,
    "cost_model": {
      "cost_per_km": 1.0,
      "vehicle_fixed_cost": 900.0,
      "penalty_horizon_per_min": 120.0,
      "time_weight": 1.0
    }
  },
  "routes": [
    [
      0,
      54,
      90,
      117,
      62,
      59,
      40,
      64,
      36,
      92,
      93,
      111,
      83,
      6,
      89,
      1,
      120,
      16,
      95,
      0
    ],
    [
      0,
      53,
      78,
      26,
      76,
      0
    ],
    [
      0,
      10,
      102,
      74,
      13,
      48,
      7,
      50,
      8,
      108,
      32,
      49,
      44,
      80,
      22,
      68,
      0
    ],
    [
      0,
      105,
      51,
      96,
      52,
      5,
      107,
      24,
      39,
      116,
      0
    ],
    [
      0,
      82,
      2,
      106,
      29,
      19,
      42,
      31,
      33,
      98,
      20,
      0
    ],
    [
      0,
      57,
      38,
      47,
      21,
      58,
      77,
      110,
      113,
      69,
      79,
      0
    ],
    [
      0,
      45,
      61,
      81,
      118,
      70,
      9,
      15,
      30,
      23,
      86,
      119,
      67,
      0
    ],
    [
      0,
      97,
      4,
      84,
      65,
      27,
      99,
      94,
      18,
      75,
      41,
      103,
      0
    ],
    [
      0,
      56,
      100,
      73,
      60,
      85,
      91,
      0
    ],
    [
      0,
      28,
      43,
      71,
      3,
      115,
      114,
      66,
      87,
      101,
      46,
      0
    ],
    [
      0,
      112,
      25,
      88,
      72,
      11,
      14,
      63,
      35,
      104,
      17,
      0
    ],
    [
      0,
      109,
      34,
      37,
      12,
      55,
      0
    ]
  ],
  "metrics": {
    "total_cost": 18860.249999999996,
    "vehicles_used": 12,
    "total_distance_km": 2427.989999999999,
    "waiting_total": 3492.519999999999,
    "lateness_P_sum": 0.0,
    "horizon_excess_E": 0.0,
    "vehicle_cost": 10800.0,
    "cost_distance": 2427.989999999999,
    "cost_penalty_late": 0.0,
    "cost_penalty_horizon": 0.0,
    "makespan_E": 514.4699999999999,
    "sum_route_time_E": 5632.259999999999,
    "avg_route_time_E": 469.35499999999996,
    "total_service_time": 0.0,
    "cost_time": 5632.259999999999
  }
}