{
  "version": 1,
  "dataset": "app_final_80_very_loose",
  "dataset_size": null,
  "window_profile": null,
  "algorithm": "Insertion",
  "generated_at": "2025-11-08T16:10:10.601928+00:00",
  "parameters": {
    "day_horizon": 600,
    "service_time": 0.0,
    "cost_model": {
      "cost_per_km": 1.0,
      "vehicle_fixed_cost": 900.0,
      "penalty_horizon_per_min": 120.0,
      "time_weight": 1.0
    }
  },
  "routes": [
    [
      0,
      11,
      47,
      44,
      43,
      68,
      33,
      54,
      20,
      16,
      55,
      42,
      34,
      49,
      7,
      24,
      50,
      37,
      1,
      5,
      69,
      45,
      14,
      56,
      13,
      64,
      79,
      80,
      38,
      10,
      72,
      9,
      0
    ],
    [
      0,
      40,
      63,
      70,
      17,
      27,
      19,
      39,
      28,
      59,
      41,
      60,
      51,
      18,
      58,
      26,
      22,
      2,
      62,
      75,
      15,
      74,
      57,
      21,
      53,
      73,
      67,
      8,
      32,
      76,
      0
    ],
    [
      0,
      3,
      35,
      25,
      36,
      52,
      4,
      48,
      61,
      66,
      78,
      23,
      71,
      29,
      46,
      77,
      31,
      30,
      12,
      65,
      6,
      0
    ]
  ],
  "metrics": {
    "total_cost": 6154.709999999999,
    "vehicles_used": 3,
    "total_distance_km": 1864.99,
    "waiting_total": 20.30000000000001,
    "lateness_P_sum": 0.0,
    "horizon_excess_E": 0.0,
    "vehicle_cost": 2700.0,
    "cost_distance": 1864.99,
    "cost_penalty_late": 0.0,
    "cost_penalty_horizon": 0.0,
    "makespan_E": 596.4899999999999,
    "sum_route_time_E": 1589.7199999999998,
    "avg_route_time_E": 529.9066666666666,
    "total_service_time": 0.0,
    "cost_time": 1589.7199999999998
  }
}