{
  "version": 1,
  "dataset": "app_final_120_very_loose",
  "dataset_size": null,
  "window_profile": null,
  "algorithm": "BEST(Insertion)",
  "generated_at": "2025-11-08T16:14:29.484156+00:00",
  "parameters": {
    "day_horizon": 600,
    "service_time": 0.0,
    "cost_model": {
      "cost_per_km": 1.0,
      "vehicle_fixed_cost": 900.0,
      "penalty_horizon_per_min": 120.0,
      "time_weight": 1.0
    }
  },
  "routes": [
    [
      0,
      104,
      100,
      5,
      18,
      62,
      89,
      103,
      33,
      101,
      58,
      22,
      59,
      25,
      73,
      109,
      30,
      35,
      6,
      98,
      49,
      34,
      51,
      97,
      31,
      90,
      83,
      85,
      16,
      21,
      117,
      2,
      110,
      44,
      40,
      76,
      93,
      87,
      37,
      61,
      52,
      0
    ],
    [
      0,
      112,
      115,
      7,
      116,
      12,
      41,
      23,
      114,
      105,
      65,
      118,
      60,
      108,
      13,
      75,
      72,
      92,
      19,
      77,
      8,
      113,
      48,
      15,
      53,
      29,
      42,
      57,
      120,
      79,
      0
    ],
    [
      0,
      36,
      102,
      96,
      71,
      54,
      67,
      82,
      9,
      47,
      38,
      55,
      50,
      39,
      43,
      78,
      11,
      3,
      20,
      74,
      63,
      99,
      69,
      88,
      27,
      81,
      45,
      56,
      91,
      28,
      94,
      86,
      106,
      80,
      0
    ],
    [
      0,
      26,
      84,
      64,
      10,
      68,
      4,
      14,
      66,
      1,
      111,
      32,
      107,
      119,
      17,
      46,
      95,
      24,
      0
    ],
    [
      0,
      70,
      0
    ]
  ],
  "metrics": {
    "total_cost": 9577.64,
    "vehicles_used": 5,
    "total_distance_km": 2635.55,
    "waiting_total": 92.49000000000004,
    "lateness_P_sum": 0.0,
    "horizon_excess_E": 0.0,
    "vehicle_cost": 4500.0,
    "cost_distance": 2635.55,
    "cost_penalty_late": 0.0,
    "cost_penalty_horizon": 0.0,
    "makespan_E": 595.2700000000001,
    "sum_route_time_E": 2442.09,
    "avg_route_time_E": 488.418,
    "total_service_time": 0.0,
    "cost_time": 2442.09
  }
}