{
  "version": 1,
  "dataset": "app_final_80_tight",
  "dataset_size": null,
  "window_profile": null,
  "algorithm": "BEST(Insertion)",
  "generated_at": "2025-11-08T16:05:14.578149+00:00",
  "parameters": {
    "day_horizon": 600,
    "service_time": 0.0,
    "cost_model": {
      "cost_per_km": 1.0,
      "vehicle_fixed_cost": 900.0,
      "penalty_horizon_per_min": 120.0,
      "time_weight": 1.0
    }
  },
  "routes": [
    [
      0,
      6,
      62,
      33,
      43,
      13,
      23,
      73,
      5,
      7,
      74,
      41,
      59,
      46,
      64,
      27,
      69,
      0
    ],
    [
      0,
      15,
      31,
      10,
      22,
      55,
      51,
      8,
      78,
      25,
      3,
      58,
      19,
      32,
      67,
      63,
      70,
      0
    ],
    [
      0,
      21,
      4,
      48,
      16,
      17,
      35,
      52,
      77,
      49,
      76,
      9,
      80,
      65,
      0
    ],
    [
      0,
      2,
      26,
      36,
      14,
      24,
      42,
      68,
      61,
      71,
      37,
      44,
      47,
      30,
      75,
      38,
      0
    ],
    [
      0,
      20,
      18,
      40,
      45,
      60,
      56,
      1,
      53,
      0
    ],
    [
      0,
      34,
      50,
      28,
      66,
      72,
      29,
      54,
      79,
      39,
      57,
      11,
      12,
      0
    ]
  ],
  "metrics": {
    "total_cost": 11626.3,
    "vehicles_used": 6,
    "total_distance_km": 2998.07,
    "waiting_total": 485.42,
    "lateness_P_sum": 0.0,
    "horizon_excess_E": 0.0,
    "vehicle_cost": 5400.0,
    "cost_distance": 2998.07,
    "cost_penalty_late": 0.0,
    "cost_penalty_horizon": 0.0,
    "makespan_E": 597.35,
    "sum_route_time_E": 3228.2300000000005,
    "avg_route_time_E": 538.0383333333334,
    "total_service_time": 0.0,
    "cost_time": 3228.2300000000005
  }
}