{
  "version": 1,
  "dataset": "app_final_40_loose",
  "dataset_size": null,
  "window_profile": null,
  "algorithm": "Insertion",
  "generated_at": "2025-11-08T16:04:22.347062+00:00",
  "parameters": {
    "day_horizon": 600,
    "service_time": 0.0,
    "cost_model": {
      "cost_per_km": 1.0,
      "vehicle_fixed_cost": 900.0,
      "penalty_horizon_per_min": 120.0,
      "time_weight": 1.0
    }
  },
  "routes": [
    [
      0,
      31,
      6,
      25,
      23,
      21,
      5,
      8,
      17,
      32,
      35,
      7,
      30,
      19,
      14,
      10,
      16,
      38,
      36,
      15,
      29,
      37,
      3,
      1,
      13,
      22,
      0
    ],
    [
      0,
      34,
      24,
      4,
      9,
      12,
      40,
      26,
      33,
      2,
      18,
      11,
      39,
      28,
      20,
      27,
      0
    ]
  ],
  "metrics": {
    "total_cost": 3810.17,
    "vehicles_used": 2,
    "total_distance_km": 1018.9900000000001,
    "waiting_total": 77.27999999999992,
    "lateness_P_sum": 0.0,
    "horizon_excess_E": 0.0,
    "vehicle_cost": 1800.0,
    "cost_distance": 1018.9900000000001,
    "cost_penalty_late": 0.0,
    "cost_penalty_horizon": 0.0,
    "makespan_E": 504.1400000000001,
    "sum_route_time_E": 991.1800000000001,
    "avg_route_time_E": 495.59000000000003,
    "total_service_time": 0.0,
    "cost_time": 991.1800000000001
  }
}